name,station_int,address,shape,shape_wkt
Station  1,1,5656 Mableton Parkway,0xC0080000010C50074F3899934041009703007A2F3541,POINT (2172722.4399117604 1388410.0000547767)
Station  2,2,208 Barber Rd,0xC0080000010C38E749C1FDA340416006CF0C84BD3541,POINT (2181115.5100678466 1424772.0500339493)
Station  3,3,580 Terrell Mill Rd,0xC0080000010C40646706FFD6404100311F8553DB3541,POINT (2207230.0500302613 1432403.5200071931)
Station  4,4,1901 Cumberland Parkway,0xC0080000010CC817D6A343C94041C0591E2E4C5E3541,POINT (2200199.2799710967 1400396.1801506132)
Station  5,5,4336 Paces Ferry Rd,0xC0080000010CE0D7F82810D44041A0F1F2E8B7753541,POINT (2205728.3200940937 1406391.9099570289)
Station  6,6,5075 Hiram Lithia Springs Rd,0xC0080000010CF8DEA250E64F4041C0B56C7D27453541,POINT (2138060.6299704276 1393959.4899400324)
Station  7,7,810 Hurt Rd,0xC0080000010C08337C140392404160EC030050753541,POINT (2171910.1600402631 1406288.0000598654)
Station  8,8,2380 N Cobb Parkway,0xC0080000010CD8E7D3A33D81404100E3ABC79F413641,POINT (2163323.2799043469 1458591.7799665332)
Station  9,9,7300 Factory Shoals Rd,0xC0080000010C50F6D983B8914041A01A915993F73441,POINT (2171761.0300891772 1374099.3498703614)
Station 10,10,2049 Powder Springs Rd,0xC0080000010C58D8CFAC747C404160922C33EC953541,POINT (2160873.3500929289 1414636.1998988613)
Station 11,11,4550 Cowan Rd,0xC0080000010C6820D983D75D404180FDED9146923641,POINT (2145199.0300636776 1479238.5700376928)
Station 12,12,810 Brackett Rd,0xC0080000010CB8F831D309B04041E0021FDC965B3641,POINT (2187283.6499625109 1465238.8598481938)
Station 13,13,4640 Dallas Highway,0xC0080000010CC0CD382A19514041001712AE6EE83541,POINT (2138674.3298585117 1435758.6799635291)
Station 14,14,2905 Library Ln,0xC0080000010CB828F6A876D44041A0D0440ACA5F3641,POINT (2205933.3200121783 1466314.0401125327)
Station 15,15,3892 Oak Ln,0xC0080000010CA8BE5C8FA1E54041605A239CC73A3641,POINT (2214723.1200178452 1456839.6099144444)
Station 16,16,3800 Bells Ferry Rd,0xC0080000010C38DE061795A0404140DF196E88743641,POINT (2179370.179897096 1471624.4300822765)
Station 17,17,111 Ridgeway Rd,0xC0080000010C0848E4BA8F77404180750380B7EF3541,POINT (2158367.4600915946 1437623.50005278)
Station 18,18,1660 Mars Hill Rd,0xC0080000010C20350F97FB45404180AED63A442E3641,POINT (2132983.1801515967 1453636.2298382819)
Station 19,19,1500 Powers Ferry Rd,0xC0080000010CB8B32B5C02D440416069131714BC3541,POINT (2205700.72008368 1424404.0901399478)
Station 20,20,1298 Hilton Dr,0xC0080000010C28A1F0A8BED1404140650900791A3641,POINT (2204541.31984343 1448569.0001433641)
Station 21,21,4400 Lower Roswell Rd,0xC0080000010C40DA7BB4F9ED404180A2317380FF3541,POINT (2218995.4100296795 1441664.4499761164)
Station 22,22,4700 Austell Rd,0xC0080000010CD8B722A5AB7D40410035632683513541,POINT (2161495.2901220135 1397123.1499512792)
Station 23,23,3470 New Macland Rd,0xC0080000010C185267467B57404120AC0CEEA87B3541,POINT (2141942.5500280969 1407912.9298808649)
Station 24,24,3540 Paul Samuel Rd,0xC0080000010C70E444E105654041208D892B3A323641,POINT (2148875.7599149272 1454650.1700676158)
Station 25,25,4431 Trickum Rd,0xC0080000010CA0B544C1ABC84041C01FEABA65873641,POINT (2199895.5099093467 1476453.7301349491)
Station 26,26,3862 Cherokee St,0xC0080000010C80175358058640416074A21974793641,POINT (2165770.6900357604 1472884.1001351103)
Station 27,27,477 Veterans Memorial Highway,0xC0080000010CA8B617AE8CA740418022524F1D2C3541,POINT (2182937.3600986786 1387549.3098470271)
Station 28,28,3858 Kemp Ridge Rd,0xC0080000010CB0832045B74C404120D70540C6783641,POINT (2136430.5400547609 1472710.2500891164)
Station 30,30,2370 Austell Rd,0xC0080000010CF8AC5418CA92404180B47ED4FDA03541,POINT (2172308.190084096 1417469.8300583661)
